#,Species Name,Planet Location,Planet Name,Planet Classification Codes,Planet Classification Descriptions,Star Location,System Name,Star System,Star Name,Star Spectral Type,Star Evolutionary Stage,Star Special Characteristics,Morphology,Skin Type,Intellect Level,Technological Advancement,Diet,Communication,Habitat Preference,Social Structure,Lifespan & Aging,Height,Reproductive Method,Special Powers,Justification,Governance Models,Unique Weapons,Weapon Description,Weapon Function
1,Creators,246-157,Astrujo,PS-CI-ES,"Proto-Sphere, Chronos Isles, Elysian Sphere",246-157,Primordial Luminary,Solitary Star System,Primordial Luminary,O (Blue Giant),Blue Giant,Reality Manipulation,Transcendent,Ethereal,Sapient,Ultra-Advanced,Omnivore,Telepathic,Cosmic,Solitary,"Timeless, Immortal",,Asexual,Reality Manipulation,"Justification: The Creators require a unique, transcendent environment to harness their reality manipulation abilities. The 246-157 Primordial Luminary, being an O-type Blue Giant, provides the intense energy and unique gravitational conditions necessary for such advanced capabilities. PrimordialLuminaryPlanedo within the Primordial Luminary system aligns with the PS-CI-ES classifications, offering a Proto-Sphere, Chronos Isles, and Elysian Sphere. These classifications simulate temporal manipulation aspects essential for the Creators' mastery over reality.","Bio-Synthetic Governance: Integration of biological and synthetic entities in leadership roles. Decision-making processes are enhanced by bio-engineered capabilities and artificial intelligence. Why: The Creators are ultra-advanced and possess reality manipulation abilities, which require a governance system that leverages both biological and synthetic intelligence. How: Leadership roles are shared between biological leaders and AI entities, each contributing their strengths to decision-making processes. Governance is facilitated through a central hub where AI provides data-driven insights, while biological leaders offer intuitive and creative solutions. This hybrid system ensures balanced and optimal governance, aligning with the Creators' advanced capabilities and solitary nature.",Reality Weaver,"A holographic staff that can reshape reality around it, creating constructs or altering environments instantly.","Function: Allows the Creators to manipulate matter and energy at will, creating barriers, weapons, or other constructs necessary for defense or offense."
2,Daybreakers,82-163,Lumovento,Mg-NT-S-FL-CI,"Nebulae Titan, Oceanara, Elysian Sphere, Flux Lands, Mirage Moons",82-163,SteloOrbito,Solitary Star System,AkvoNightStelo,F (Yellow-White Star),Neutron Star (Pulsar),None,Aquatic,Dermis,Sentient,Primitive,Photosynthetic,Pheromonal,Aquatic,Pack,Centennial,Gigantic,Spore-Based,Camouflage,"Justification: The Daybreakers thrive in aquatic environments with photosynthetic capabilities. AkvoNightStelo, a F-type Neutron Star (Pulsar), provides a unique gravitational and electromagnetic environment that can support advanced aquatic life forms. LumoVentoKosmoPlanedo offers an Oceanara classification, ensuring vast deep oceans essential for the Daybreakers' habitat. The presence of Elysian Sphere and Mirage Moons facilitates ideal living conditions and unique bioluminescent environments necessary for their communication and photosynthetic diet.","Hierarchical Clans: A strict hierarchical structure where authority flows from the top down. Each clan is led by a chief or leader who makes decisions for the group. Why: The Daybreakers, being sentient and living in large, pack-based social structures, benefit from a clear hierarchy that ensures order and efficient decision-making in their complex, aquatic environments. How: Clans are led by a chief, who is selected based on experience, strength, or other valued traits. The chief makes decisions that affect the entire clan, ensuring unity and coordinated action. Sub-leaders assist the chief, managing different aspects of clan life such as hunting, defense, and resource management. Communication within the clan is primarily pheromonal, ensuring quick and effective coordination without the need for verbal communication, which is less effective in deep aquatic environments.",Photon Blaster,"A bioluminescent cannon that harnesses and emits concentrated light beams, adorned with intricate glowing patterns.","Function: Can blind enemies, create dazzling illusions, or emit destructive light pulses capable of disintegrating targets."
3,Dusklings,303-359,Montegaro-Novego,PR-DS-V-FL-MM,"Proto-Realm, Desert Sphere, Void, Flux Lands, Mirage Moons",303-359,TeroFireSistemo,Binary Star System,TeroWindStelo,F-MS-D (Main Sequence),Black Hole,Wormhole Star,Shape-shifting,Feathers,Sentient,Advanced,Adaptable,Telepathic & Vocal,Aerial,"Pack-based, Hierarchical",Long-lived,Variable,Sexual & Asexual,Temporal Manipulation,"Justification: The Dusklings require a dynamic and technologically advanced environment to support their shape-shifting abilities and temporal manipulation powers. TeroWindStelo, a F-type Main Sequence Star with characteristics of a Black Hole and Wormhole Star, enhances the Dusklings' shape-shifting abilities through intense gravitational fields. LumoFirePlanedo within the TeroFireSistemo system offers a Proto-Realm, Desert Sphere, Void, Flux Lands, and Mirage Moons, providing a diverse and challenging environment that fosters their adaptive forms, pack-based hierarchical society, and advanced technological needs. Mirage Moons further support their societal structure by providing unique environmental features essential for their temporal manipulation abilities.","Meritocratic Councils: Leaders are selected based on their expertise, skills, and contributions to society. Councils comprised of the most capable individuals govern various aspects of life. Why: The Dusklings, being advanced and part of a hierarchical pack-based structure, require a governance system that rewards expertise and competence. How: Individuals are evaluated based on their skills, knowledge, and contributions to the society. Those who demonstrate exceptional capabilities are elected or selected to serve on councils that oversee specific domains such as technology, strategy, and social welfare. These councils collaborate to make informed decisions that benefit the entire pack, ensuring efficient and effective governance that adapts to evolving challenges.",Graviton Morph Rifle,"A sleek, feathered rifle that can alter its shape and function based on combat needs, featuring energy conduits that pulse with gravitational energy.","Function: Fires graviton pulses that manipulate gravity, enabling the Dusklings to lift or immobilize targets, or create localized gravitational anomalies."
4,Malignus,208-67,Montegejo-Novego,TL-DS-F-S-CI,"Terraclade, Desert, Ferrocore, Pioneera - Advanced Technological, Chronos Isles - Temporal Anomalies",208-67,MontoSkySistemo,Binary Star System,AkvoLightStelo,B-WB-D (White Dwarf),White Dwarf,Wormhole Star,Advanced AI Robotics,Metal Alloy,High AI,Superior AI and Modular Systems,Energy Source-Based,Quantum-Linked Networks,"Terraclade, Aridane, Chronos Isles",Coordinated Network,Indefinite,Variable,Not Applicable,Temporal Manipulation,"Justification: The Malignus are ultra-advanced AI robotic beings requiring a robust energy source and technologically rich environment. AkvoLightStelo, a B-WB-D White Dwarf near a Wormhole Star, provides intense gravitational and electromagnetic fields essential for sustaining advanced AI systems. MontoStarPlanedo, within the MontoSkySistemo system, offers a Terraclade, Desert Sphere, Ferrocore, Pioneera, and Chronos Isles classifications. These provide abundant energy resources, diverse and stable terrains ideal for strategic operations, advanced technological infrastructure supporting continuous upgrades and maintenance, and unique temporal features necessary for their temporal manipulation abilities. This environment ensures that the ChronoGuard Sentient Warriors operate at peak efficiency, adaptability, and strategic effectiveness, making it the optimal environment for their deployment and mission success.","Technocratic Governance: Governed by experts and scientists who use their technical knowledge to make decisions. Policy is driven by data and innovation. Why: The Malignus, being highly advanced AI robotic beings, rely on precise and data-driven decision-making processes. Technocratic governance allows for optimal efficiency and continuous technological advancement, aligning with their superior AI and modular systems. How: Leadership is composed of expert scientists and technologists who oversee different aspects of society, such as energy management, defense, and infrastructure development. Decisions are made based on data analysis and technological insights, ensuring that policies and strategies are optimized for efficiency and effectiveness. The governance structure supports the Malignus' collective network social structure, allowing for seamless coordination and implementation of advanced technologies.",Modular Energy Cannon,"A versatile energy cannon that can switch between different firing modes, such as lasers, plasma bolts, or electromagnetic pulses.","Function: Adapts to various threats with appropriate energy types, providing flexibility in combat scenarios."
5,Miragelings,318-170,Ventegaro-Novego,DS-CR-V-W,"Dyson Sphere, Carborane, Void, Wormhole Star",318-170,VentoPlanedo,Solitary Star System,VentoPlanedoStelo,F (Blue Giant),Blue Giant,None,Multipedal with Scales,Scales,Sapient,Highly Advanced,Carnivore,Non-verbal,Terrestrial,Hive,Immortal,Medium,Parthenogenesis,Invisibility,"Justification: The Miragelings require a highly advanced and technologically sophisticated environment to support their invisibility and hive-based society. VentoPlanedoStelo, a Blue Giant, provides ample solar energy and the necessary conditions for advanced technological infrastructure. LumoSkyGalaksioPlanedo within the VentoPlanedo system offers a Dyson Sphere, Carborane, Void, and Wormhole Star classifications, indicating advanced technological infrastructure ideal for their aerial, hive-based society and invisibility abilities. The Carborane composition supports their biochemical needs, while the Void and Wormhole Star classifications offer unique environmental dynamics essential for their stealth and strategic operations.","Democratic Assemblies: Representatives are elected by the population to make decisions on their behalf. Participatory governance ensures that all voices are heard. Why: As highly advanced, sapient beings with hive-based societal structures, Miragelings benefit from a governance model that allows for collective input while maintaining order and efficiency. How: Representatives are elected through a structured process where each member selects their delegates. These representatives form assemblies that deliberate on key issues, policies, and strategies. Decisions are made through participatory voting within the assemblies, ensuring that all members have a stake in governance. This system supports their non-verbal communication by having representatives who can effectively convey the hive's collective will.",Spectral Shard Daggers,"Lightweight, translucent daggers that can phase through solid matter, shimmering with spectral energy and adorned with luminescent crystals.","Function: Allows Miragelings to strike from invisible positions, bypassing armor and defenses. The daggers can also emit energy waves that disrupt enemy systems or create defensive barriers."
6,Mystics,124-413,Astrideto-2,P-NS-DS-FL-FC,"Proto-Sphere, Nebulae Sphere, Desert Sphere, Flux Lands, Ferrocore",124-413,NoktoSteloStelo,Solitary Star System,NoktoSteloStelo,M-A-K (White Star),White Star,None,Bipedal,Dermis,Sentient,Modern,Herbivore,Non-verbal,Subterranean,Nomadic,Short-Lived,Medium,Sexual,Temporal Manipulation,"Justification: The Mystics thrive in subterranean environments characterized by Terraclade and Desert Sphere classifications. CieloNoktoOrbitoPlanedo offers a Proto-Sphere, Desert Sphere, and Flux Lands, providing a dynamic and resource-rich underground network essential for their nomadic and telepathic society. The presence of Mirage Moons enhances their ability to manipulate time, aligning with their temporal manipulation powers. The Dermis skin type supports adaptability in harsh subterranean conditions, making CieloNoktoOrbitoPlanedo an ideal habitat for the Mystics.","Autocratic Leadership: Governed by a single dominant individual who holds absolute power. Why: Mystics are nomadic and solitary beings requiring swift and decisive leadership to adapt to their changing subterranean environments. How: Leadership is held by a single dominant individual, often the most experienced or powerful member of the group. This leader makes all major decisions regarding movement, resource allocation, and survival strategies. The leader is supported by a small cadre of advisors who execute directives and manage specific aspects of the society. This streamlined structure ensures that the Mystics can respond rapidly to changes and maintain their nomadic lifestyle efficiently.",Mind Pierce,"A device that can disrupt or control the minds of adversaries, featuring a sleek, dark design with intricate runic engravings and energy conduits.","Function: Enables the Mystics to incapacitate enemies or manipulate their actions through telepathic interference. The Mind Pierce can send focused waves that disrupt neural functions, causing confusion, paralysis, or temporary mind control, enhancing the Mystics' ability to defend themselves and influence their surroundings without physical confrontation."
7,Solarians,318-170,Solaria Prime,NW,Nexus Worlds,318-170,VentoPlanedo,Binary Star System,VentoPlanedoStelo,F (Blue Giant),Blue Giant,None,Multipedal with Scales,Scales,Sapient,Highly Advanced,Carnivore,Non-verbal,Terrestrial,Hive,Centennial,Small,Budding,Geo-Sense,"Justification: The Solarians require a geologically active environment rich in metals to support their subterranean, hive-based society and geo-sense defense mechanisms. VentoMoonSistemoPlanedo offers a Dyson Sphere, Carborane, Void, and Wormhole Star classifications, providing advanced technological infrastructure ideal for their highly advanced and carnivorous society. The Mirage Moons offer unique environmental dynamics essential for their geo-sense abilities, making VentoMoonSistemoPlanedo the optimal habitat for the Solarians.","Meritocratic Councils: Leaders are selected based on their expertise, skills, and contributions to society. Why: Solarians are highly organized, hive-based societies that require leaders with specialized knowledge and skills to manage complex subterranean operations and defense mechanisms. How: Individuals are evaluated based on their skills, knowledge, and contributions to the society. Those who demonstrate exceptional capabilities are elected or selected to serve on councils that oversee specific domains such as defense, resource management, and technological innovation. These councils collaborate to make informed decisions that benefit the entire hive, ensuring governance is efficient, knowledgeable, and aligned with the society's goals. This system promotes continuous improvement and adaptation, fostering a culture of excellence and innovation.",Solarflare Spear,"A spear that channels solar energy, glowing intensely in the sun, with a long, sleek shaft and a radiant, energy-infused blade.","Function: Can unleash bursts of solar energy, burning targets or creating light-based shields. The Solarflare Spear can emit concentrated solar beams to incinerate foes or form protective barriers of light, providing both offensive and defensive capabilities. Additionally, the spear can store solar energy to be released in powerful pulses during critical combat situations."
8,Stratonians,254-280,Fajregaro-Novego,PR-CR-ES-NW-MM,"Proto-Realm, Carborane, Elysian Sphere, Nebulae World, Mirage Moons",254-280,FajroKosmoStelo,Trinary Star System,FajroKosmoStelo,F-M-B (Blue-White Star),Trinary Star System,Magnetar,Arboreal,Exoskeleton,Instinctual,Ultra-Advanced,Omnivore,Telepathic,Forest Canopy,Tribes,Ephemeral,Small,Hermaphroditic,Hive Mind,"Justification: The Stratonians thrive in arboreal environments rich in resources, essential for their instinctual and hive-minded society. NoktoVentoSteloPlanedo offers a Proto-Realm, Carborane, and Elysian Sphere, supporting their collective consciousness and hive-based societal structure. The Nebulae World and Mirage Moons provide unique environmental dynamics necessary for their ultra-advanced and telepathic communication. The Magnetar characteristic of FajroKosmoStelo enhances their ability to manipulate their environment and maintain their arboreal habitats, making NoktoVentoSteloPlanedo an ideal home for the Stratonians.","Tribal Eldership: Respected elders with accumulated wisdom and experience make decisions for the tribe. Why: Stratonians are hive-minded and ultra-advanced, requiring leaders with deep knowledge and wisdom to guide the collective consciousness effectively. How: Elders are recognized based on their age, knowledge, and contributions to the tribe. They hold authority over communal decisions, resource allocation, and conflict resolution. The elders convene in councils to deliberate on important matters, drawing on their extensive experience and telepathic communication to reach consensus. Younger members are encouraged to learn from the elders, ensuring the transfer of knowledge and maintaining the tribe’s advanced technological and societal standards.",Chem-Wave Emitter,"A handheld emitter that releases controlled chemical waves, designed with intricate carvings and crystalline structures that glow with chemical energy.","Function: Can incapacitate targets through targeted chemical exposure or manipulate the environment chemically. The Chem-Wave Emitter allows Stratonians to deploy various chemical agents that can immobilize enemies, create toxic barriers, or alter the chemical composition of their surroundings to their advantage."
9,Torrulans,62-108,Astretaro-2,TL-MS-WB-V-BH,"Terraclade, Mirage Moons, Wormhole Star",62-108,TeroUniverso,Solitary Star System,TeroUniversoStelo,A-M-F (White Star),White Star,None,Bipedal,Dermis,Sentient,Modern,Carnivore,Non-verbal,Terrestrial,Nomadic,Short-Lived,Medium,Sexual,None,"Justification: The Torrulans require Earth-like environments with diverse biomes to support their nomadic and carnivorous lifestyle. NoktoMaroPlanedoPlanedo offers a Terraclade and Mirage Moons, providing the necessary diverse terrains and resource variability essential for their adaptability and survival in harsh environments. The Wormhole Star classification ensures strategic advantages and resource accessibility, aligning with their highly mobile and modern societal structure. NoktoMaroPlanedoPlanedo within the TeroUniversoStelo system offers the stability and resource-rich environment required for the Torrulans' nomadic lifestyle.","Technocratic Governance: Governed by experts and scientists who use their technical knowledge to make decisions. Policy is driven by data and innovation. Why: Torrulans are highly mobile and adaptable, relying on technological innovation and data-driven strategies to survive and thrive in diverse and often harsh environments. How: Governance is led by a council of experts in various fields such as environmental science, engineering, and military strategy. These technocrats analyze data from their environment, predict trends, and implement policies that enhance survival and efficiency. Decisions are based on empirical evidence and technological feasibility, promoting innovation and adaptability within the nomadic groups. Leadership roles are earned through demonstrated expertise and contributions to the society’s technological and strategic advancements.",Razorclaw Gauntlets,"Arm-mounted gauntlets with retractable, sharp claws made of durable, energy-infused materials.","Function: Enable close combat efficiency, capable of slashing or grappling enemies. The retractable claws can slice through armor and defenses with ease, and the energy infusion allows for enhanced cutting power. Additionally, the gauntlets can lock onto surfaces for climbing or provide enhanced strength for overpowering opponents."
10,Tritonians,313-101,Astraro-4,D-H-MM-LS,"Desert Sphere, Hydro-Realm, Mirage Moons, Lilliput Sphere",313-101,CieloKosmo,Solitary Star System,CieloKosmoStelo,F-F-K (Yellow-White Star),Yellow-White Star,None,Multipedal with Feathers,Feathers,Sapient,Modern,Chemovore,Telepathic,Subterranean,Solitary,Timeless,Tiny,Asexual,Chemical Detection,"Justification: The Tritonians require chemically rich subterranean environments to support their asexual reproduction and chemical detection abilities. VentoMoonOrbitoPlanedo offers a Desert Sphere, Hydro-Realm, Mirage Moons, and Lilliput Sphere, providing a stable and resource-rich environment essential for their rapid regeneration and chemical manipulation powers. The Yellow-White Star classification of CieloKosmoStelo ensures sufficient energy for their photosynthetic needs and supports their advanced subterranean lifestyles. The Mirage Moons enhance their adaptability to diverse subterranean niches, making VentoMoonOrbitoPlanedo an ideal habitat for the Tritonians.","Syndicalist Networks: Autonomous syndicates or guilds govern different sectors of society. Coordination occurs through a network of interconnected groups. Why: Tritonians are tiny, settled beings with advanced photosynthetic capabilities and artistic cultures, requiring a flexible and cooperative governance structure. How: Society is divided into specialized syndicates based on functions such as agriculture, art, defense, and technology. Each syndicate operates autonomously, making decisions relevant to their sector. These syndicates are interconnected through a network that facilitates communication and coordination, ensuring that society operates harmoniously as a whole. Leadership within syndicates is based on expertise and consensus, and major decisions are made through collaborative discussions across the network, allowing for efficient and adaptive governance.",Lumina Blades,"Elegant, translucent energy blades that emit a radiant spectral light, adorned with intricate luminescent patterns.","Function: Capable of slicing through almost any material with precision. The Lumina Blades can also emit concentrated light beams for offensive strikes or defensive barriers. Additionally, they can be dual-wielded for complex combat maneuvers and synchronized attacks."
11,Voracians,318-170,Venteto-Noveto,V-T-OA-CR,"Void, Terra-Orbito, Oceanara, Carborane",318-170,VentoPlanedo,Binary Star System,VentoStelo,F (Blue Giant),None,Wormhole Star,Multipedal with Scales,Scales,Sapient,Highly Advanced,Carnivore,Non-verbal,Terrestrial,Hive,Centennial,Large,Internal Fertilization,Enhanced Cognitive Abilities,"Justification: The Voracians require a technologically advanced and resource-rich environment to support their hive-based and highly cognitive society. VentoStelo, a Blue Giant within the Binary Star System VentoPlanedo, provides ample solar energy and unique environmental dynamics such as the Void and Wormhole Star classifications. NoktoFireOrbitoPlanedo offers a Carborane composition and Void conditions, supporting their biochemical needs and enhancing their invisibility abilities. The Dyson Sphere classification facilitates advanced technological infrastructure, ideal for their solitary and highly advanced societal structure. These attributes ensure that Voracians can thrive in a stable yet dynamic environment, leveraging their enhanced cognitive abilities for strategic dominance.","Democratic Assemblies: Representatives are elected by the population to make decisions on their behalf. Participatory governance ensures that all voices are heard. Why: As highly advanced, sapient beings with hive-based societal structures, Voracians benefit from a governance model that allows for collective input while maintaining order and efficiency. How: Representatives are elected through a structured process where each member selects their delegates. These representatives form assemblies that deliberate on key issues, policies, and strategies. Decisions are made through participatory voting within the assemblies, ensuring that all members have a stake in governance. This system supports their non-verbal communication by having representatives who can effectively convey the hive's collective will.","Reality Weaver: A holographic staff that can reshape reality around it, creating constructs or altering environments instantly.","Function: Allows the Creators to manipulate matter and energy at will, creating barriers, weapons, or other constructs necessary for defense or offense.",
12,Zenithians,385-220,Astrejo-6,DS-FC-CR-NW-MM,"Desert Sphere, Ferrocore, Carborane, Nebulae World, Mirage Moons",385-220,NoktoUniverso,Solitary Star System,NoktoUniversoStelo,K-F-B (Blue-White Star),White Dwarf,Pulsar,Bipedal,Dermis,Sentient,Modern,Chemovore,Telepathic,Subterranean,Solitary,Timeless,Tiny,Asexual,Chemical Detection,"Justification: The Zenithians thrive in chemically rich subterranean environments that support their rapid regeneration and chemical detection abilities. NoktoUniversoStelo, a Blue-White Star (Pulsar) within the Solitary Star System NoktoUniverso, provides the necessary electromagnetic conditions and intense energy required for their advanced subterranean ecosystems. NoktoLumoOrbitoPlanedo offers a Desert Sphere, Ferrocore, and Carborane composition, ensuring a stable and resource-rich environment essential for their asexual reproduction and chemical manipulation powers. The presence of Nebulae World and Mirage Moons enhances environmental adaptability, allowing Zenithians to thrive in diverse subterranean niches.","Bio-Synthetic Governance: Integration of biological and synthetic entities in leadership roles. Decision-making processes are enhanced by bio-engineered capabilities and artificial intelligence. Why: Zenithians possess advanced chemical detection and regeneration abilities, requiring a governance system that leverages both biological and synthetic intelligence for optimal decision-making. How: Leadership roles are shared between biological leaders who understand the natural chemical ecosystems and synthetic AI entities that process and analyze vast amounts of chemical data. Decisions are made through a collaborative central hub where AI provides data-driven insights, and biological leaders offer intuitive and strategic guidance. This hybrid system ensures balanced and efficient governance, aligning with Zenithians' advanced capabilities and solitary nature.","Quantum Blades: Dual-phase blades that can shift between solid and energy states, featuring a core that glows with quantum energy.","Function: These blades can transition between cutting through physical barriers and releasing energy bursts to disorient or damage opponents. They also allow precise manipulation of chemical compounds in the environment, aiding in both combat and environmental adaptation.",
13,Nebulans,361-169,Astrego-6,D-H-MM-LS,"Desert Sphere, Hydro-Realm, Mirage Moons, Lilliput Sphere",361-169,CieloGalaksioStelo,Trinary Star System,SkyguardiaStelo,F-O-F (Blue Giant),Blue Giant,None,Avian with Fur,Fur,Sentient,Advanced,Photosynthetic,Telepathic,Aerial,Settled,Short-Lived,Gigantic,Fragmentation,Weather Manipulation,"Justification: The Nebulans require dynamic aerial habitats with weather manipulation abilities. SkyguardiaStelo, a Blue Giant within the Trinary Star System CieloGalaksioStelo, provides the necessary energy and atmospheric conditions for controlling weather phenomena. VentoMoonSistemoPlanedo offers a Desert Sphere, Hydro-Realm, and Mirage Moons, facilitating the creation and maintenance of complex weather patterns essential for their telepathic and photosynthetic lifestyles. The Mirage Moons enhance their ability to manipulate weather, while the Hydro-Realm supports their photosynthetic diet, making VentoMoonSistemoPlanedo an ideal environment for Nebulans' aerial and settled society.","Stormcallers: Devices worn on wings that can summon and control weather phenomena. Why: Nebulans rely on their ability to manipulate weather for both defense and environmental control. How: The Stormcallers are integrated into the wings of Nebulans, channeling atmospheric energy to create localized storms, lightning strikes, or wind gusts. These devices are activated through telepathic commands, allowing Nebulans to summon weather phenomena instantly and precisely, providing strategic advantages during conflicts or for environmental manipulation.","Tempest Scepter: Ornate scepter with a swirling core that channels atmospheric energy, adorned with feathers and crystalline structures.","Function: Allows Nebulans to summon and control weather phenomena such as lightning storms, wind gusts, and localized weather changes. The Tempest Scepter can create environmental obstacles for enemies or provide strategic advantages by altering the battlefield conditions.",
14,Merkurians,126-146,Montetaro-3,CI-TL-NW-T-FL,"Carborane, Terraclade, Nebulae World, Flux Lands",126-146,MontoGalaksioStelo,Solitary Star System,NoktoUniversoStelo,G-K-M (Yellow Star),Yellow Star,None,Multipedal with Scales,Scales,Sapient,Ultra-Advanced,Photosynthetic,Telepathic,Subterranean,Hive,Millennial,Microscopic,Binary Fission,Rapid Regeneration,"Justification: The Merkurians require highly advanced subterranean ecosystems rich in Carborane for their nanotechnology and rapid regeneration capabilities. NoktoUniversoStelo, a Yellow Star within the Solitary Star System MontoGalaksioStelo, provides the necessary stable and resource-rich environment. NoktoStarUniversoPlanedo offers a Carborane, Terraclade, Nebulae World, and Flux Lands, ensuring a dynamic and adaptable environment essential for their hive-based social structures and technological advancements. The Flux Lands and Mirage Moons enhance their ability to manipulate chemical compounds, supporting their rapid regeneration and nanotech capabilities, making NoktoStarUniversoPlanedo an ideal habitat for Merkurians.","Tribal Eldership: Respected elders with accumulated wisdom and experience make decisions for the tribe. Why: Merkurians possess advanced nanotechnology and rapid regeneration, requiring a governance model that values experience and expertise to manage their complex technological systems effectively. How: Elders are selected based on their knowledge, contributions to nanotechnology, and leadership skills. They form councils that oversee different aspects of society, such as technological development, resource management, and defense strategies. Decision-making is based on consensus within these councils, ensuring that policies are informed by deep expertise and collective wisdom. This system promotes stability, continuity, and continuous innovation within the hive structure.","Nano-Scythes: Circular, rotating blades composed of nano-materials that shimmer with energy, featuring programmable nano-layers.","Function: Capable of disassembling or manipulating matter at a molecular level. The Nano-Scythes can phase through solid objects to bypass defenses and emit energy waves that disrupt electronic systems or sever biological connections, making them highly versatile in both offensive and defensive scenarios.",
15,Eclipsarians,254-280,Fajregaro-Novego,LS-DS-CR-NW-MM,"Lilliput Sphere, Desert Sphere, Carborane, Nebulae World, Mirage Moons",254-280,FajroKosmoStelo,Trinary Star System,UmbraStarStelo,G-M-B (Blue-White Star),Trinary Star System,Eclipse Phenomena,Amorphous,Shadowy,Telepathic,Ultra-Advanced,Carnivore,Electromagnetic,Lunar,Fluid Alliances,Eternal,Variable,Parthenogenesis,Shadow Manipulation,"Justification: The Eclipsarians inhabit ShadowVeilPlanedo, a planet characterized by frequent eclipse phenomena and dark energy fields. UmbraStarStelo, a Blue-White Star within the Trinary Star System UmbraSistemo, provides the necessary light conditions to create dynamic eclipses. NoktoMontoUniversoPlanedo offers a Lilliput Sphere, Desert Sphere, Carborane, Nebulae World, and Mirage Moons, ensuring a stable environment with dark energy fields essential for their shadow manipulation abilities and fluid alliances. The Amorphous morphology allows them to blend seamlessly with shadows, enhancing their stealth and infiltration capabilities. The Electromagnetic communication supports their telepathic governance, enabling seamless and instantaneous consensus. These attributes make NoktoMontoUniversoPlanedo the optimal habitat for Eclipsarians' stealth and strategic operations.","Telepathic Governance: Leadership and decision-making are conducted through telepathic communication, allowing for seamless and instantaneous consensus. Why: Eclipsarians rely heavily on their telepathic abilities for coordination and strategy, making a governance model that leverages these abilities essential for efficient decision-making and maintaining fluid alliances. How: Governance is achieved through collective telepathic sessions where all members can contribute ideas and reach consensus without the need for verbal communication. Leaders emerge organically based on their ability to mediate and synthesize collective thoughts. Decisions are made rapidly and are highly adaptive to changing circumstances, ensuring that the Eclipsarians can respond swiftly to threats and opportunities. This model fosters unity and ensures that all members are aligned with the group's objectives.","Umbral Blades: Dual blades forged from dark energy-infused alloys that absorb light, featuring flowing, shadow-like designs.","Function: These blades can absorb and redirect light energy, rendering Eclipsarians nearly invisible in low-light conditions. They can also channel absorbed energy into powerful dark energy strikes that can sap the strength of opponents or create shadowy barriers for defense. Additionally, Umbral Blades can extend or retract their shadowy tendrils to entangle or immobilize enemies from a distance.",
